{"properties": [
  {
    "name": "instance.hostname",
    "type": "java.lang.String",
    "description": "A description for 'instance.hostname'"
  },
  {
    "name": "spring.cloud.gateway.routes",
    "type": "java.lang.String",
    "description": "A description for 'spring.cloud.gateway.routes'"
  },
  {
    "name": "cloud.gateway.routes",
    "type": "java.lang.String",
    "description": "A description for 'cloud.gateway.routes'"
  },
  {
    "name": "eureka.client.serviceurl.defaultZone",
    "type": "java.lang.String",
    "description": "A description for 'eureka.client.serviceurl.defaultZone'"
  },
  {
    "name": "spring.cloud.gateway.uri",
    "type": "java.lang.String",
    "description": "A description for 'spring.cloud.gateway.uri'"
  },
  {
    "name": "spring.cloud.gateway.predicates",
    "type": "java.lang.String",
    "description": "A description for 'spring.cloud.gateway.predicates'"
  },
  {
    "name": "hystrix.command.fallbackcmd.execution.isolation.thread.timeout-in-milliseconds",
    "type": "java.lang.String",
    "description": "A description for 'hystrix.command.fallbackcmd.execution.isolation.thread.timeout-in-milliseconds'"
  },
  {
    "name": "hystrix.command.fallbackcmd.execution.isolation.thread.timeout-in-milliseconds",
    "type": "java.lang.String",
    "description": "A description for 'hystrix.command.fallbackcmd.execution.isolation.thread.timeout-in-milliseconds'"
  }
]}